model,split,accuracy,precision,recall,f1,roc_auc
lightgbm_tuned,validation,0.8765060240963856,0.8173076923076923,0.794392523364486,0.8056872037914692,0.9235098650051922
logreg_balanced,validation,0.8704819277108434,0.7807017543859649,0.8317757009345794,0.8054298642533937,0.925877466251298
lightgbm_default,validation,0.8614457831325302,0.801980198019802,0.7570093457943925,0.7788461538461539,0.9215160955347871
dummy_prior,validation,0.677710843373494,0.0,0.0,0.0,0.5
